timestamp,speed,rpm,throttle,brake,accel_x,accel_y,gear,label
2025-12-12 00:00:00.000,1.9166044428708686,-2.0169225748793216,1.461741619712994,0.2096880720042102,0.5727601383636282,-0.06359327909613177,1.0146629230371274,idle
2025-12-12 00:00:00.100,-1.947509497010018,-0.5613145519435506,-0.4261555686859386,0.1897386733606474,-0.5747333068476502,-0.08738979578359045,-0.3320726656958078,idle
2025-12-12 00:00:00.200,1.042905457261159,-0.27588468265943383,0.663242486783878,0.9713958712410653,0.5423403304118196,0.8028730084990359,0.5690410769823915,idle
2025-12-12 00:00:00.300,0.3167596707049774,0.720066534933616,-1.1422161962203188,-1.8081817034135201,0.2002083264821621,1.684350445793253,0.7398234017208168,idle
2025-12-12 00:00:00.400,2.1726642185921228,1.4684178724081451,-1.9604188190246488,-2.1502379945945322,-0.4090462814576087,0.673841341354369,-0.8571395733245704,idle
2025-12-12 00:00:00.500,-0.7560737560866788,-1.1779669578508916,1.6354027041848298,-0.15820057092100792,0.5433277603182126,0.07672352904838924,0.37739249629366045,idle
2025-12-12 00:00:00.600,0.6463391062196061,0.7418593333944422,0.3287134938161743,0.17695635783325261,0.9018273314604884,-1.3021679576877718,0.1571286594577489,idle
2025-12-12 00:00:00.700,1.2090536868839137,-1.2879139050521728,0.6739542162493113,-0.8967664924103966,1.0258267994963053,-0.43843908808474985,-0.05832135019323077,idle
2025-12-12 00:00:00.800,-0.8300078677098106,-1.183882155298451,-0.94193499145028,1.6388801023570483,-0.7744566131298024,-1.4299821455730466,-0.5234323818342066,idle
2025-12-12 00:00:00.900,0.8250043929181956,-1.1283821342214986,0.21316372517672943,1.1373552299432679,-1.1054096734487278,-1.3502236226716835,1.411354235122604,idle
2025-12-12 00:00:01.000,2.234022827424939,0.22619932270103105,-0.6558435629733895,-1.5314246312684714,-0.15105477615124027,1.2345115321260902,-0.3364650481388582,idle
2025-12-12 00:00:01.100,-0.9894588894188873,-0.4888848212088291,-0.7598486537440808,0.03770086058122651,-0.1086162482656954,-0.3676216942724364,0.7909698895850515,idle
2025-12-12 00:00:01.200,0.2055400010061819,0.6245647930335662,1.409697202483118,0.3905707837734453,0.5255050723419448,0.993501218223106,-0.5494063956040789,idle
2025-12-12 00:00:01.300,0.18341947483058918,0.8053126141884179,0.15001661335990846,-0.5994878316491418,-0.18996809760662056,0.5083313030145342,-1.7190096891375464,idle
2025-12-12 00:00:01.400,0.570826973105282,-0.9123461457777212,0.5291414448544295,0.7510162245278337,-0.9342739477734333,0.7498251445952614,1.4639066332688435,idle
2025-12-12 00:00:01.500,-0.7358211410791855,-0.2994821393567626,-0.40339798195409754,-0.8775177444387279,0.9456787007087617,-0.10371589744217251,0.21842282203258387,idle
2025-12-12 00:00:01.600,-1.3744282311560676,-0.5062678550961673,-1.2063599304351198,-0.3886585169803063,0.16742299851750883,-1.4243065957458667,-0.8014950211934402,idle
2025-12-12 00:00:01.700,-0.5023499334450352,-0.9901933623062359,-0.12397631748109898,-0.9621964176505985,0.9555833230809687,-0.36515983611711245,0.29129167271235173,idle
2025-12-12 00:00:01.800,-2.044680502417458,-0.839646803912811,2.4237039521775072,-1.6699397248654841,0.7583540054761456,0.224358259808809,0.06099027868253195,idle
2025-12-12 00:00:01.900,1.3055111324512112,-0.8633029820670085,-0.1943596992961234,1.2297769469995967,-0.12837151505431063,1.1800821427895931,0.5967742930793268,idle
2025-12-12 00:00:02.000,1.3556690270543799,0.8437234933513751,0.1896797776154315,1.399582916438446,0.8217098334115412,0.4977665692333446,1.5056376586200817,idle
2025-12-12 00:00:02.100,0.0640264575378483,-1.7551222474054122,-0.6288104386451955,0.9363654187401999,1.7812438699512256,-0.20312091642596522,-1.1329226752183006,idle
2025-12-12 00:00:02.200,0.9120759641388405,-0.2188664869577082,-0.07278150447752918,-0.1999921418866644,0.5268689209841763,-0.6929397842114023,0.13341148769538685,idle
2025-12-12 00:00:02.300,-1.9058651478054731,-0.13404027497312324,-0.12298801502318729,2.9244713727471696,1.430362402159946,-0.2163192142470761,2.1778935926395673,idle
2025-12-12 00:00:02.400,1.2667958044664391,2.5425093369973046,1.1406571301109822,0.42927868104619055,-0.9467814488008841,1.8696189608501215,0.6373448348798272,idle
2025-12-12 00:00:02.500,0.530640585380229,0.7580986399731546,0.01610915013646356,0.8335522247027568,0.7204979739380418,-0.2500884812104801,0.40248169363210573,idle
2025-12-12 00:00:02.600,0.8991117553386213,-1.2967856449641182,-0.7016016257549246,-0.698943113761129,1.4606153776829935,-1.176614464855154,-0.45137378019952895,idle
2025-12-12 00:00:02.700,0.8246464971806778,-0.5992115288768619,-1.4087547588264362,0.17829478066695223,1.038105768471989,-1.5191800619328655,-0.19227530130914142,idle
2025-12-12 00:00:02.800,0.6937773073887595,-0.35439780938459764,-0.6350959819738374,-0.23320653826646473,1.31866339082677,0.780753893440412,-0.651630605940562,idle
2025-12-12 00:00:02.900,1.0157149809941441,-0.41747344378206014,0.4051757982346562,0.7011616590686132,0.5928115492541696,-0.07185641521949435,0.1653896832560167,idle
2025-12-12 00:00:03.000,-1.2005952538056122,-0.14564054487828101,1.6030023230695654,1.1648371851665515,0.3499605442880448,0.21098078377465948,2.2704721190731836,idle
2025-12-12 00:00:03.100,0.5318566885591366,1.3052035471348438,-1.724992570009845,1.267913742747143,0.7158251658436624,-0.5512202842543555,-0.11366987609713486,idle
2025-12-12 00:00:03.200,-1.144468116761632,0.10683591797165208,0.64397021926727,0.41072190537661185,1.638343934876223,0.38099763566214034,-0.7392379558209905,idle
2025-12-12 00:00:03.300,-0.6759183481894935,-0.09666107781484573,0.2772021460242792,0.00935991667607974,0.7654876572516037,-1.2849376779554986,-1.400233323570431,idle
2025-12-12 00:00:03.400,-0.15953920099930388,0.1553757231624809,-1.2333867765078688,0.08271417881048442,1.0322322205874443,-0.06226895254769192,-0.0943888472017513,idle
2025-12-12 00:00:03.500,1.1848030015384439,1.475716186018291,1.1383819731021898,-0.0878532264320614,0.7595662307790263,-0.14105073645200403,0.1452611613542387,idle
2025-12-12 00:00:03.600,1.3415192351915748,-0.31294721786367785,0.23570426454196336,1.1276502643248074,0.546840655983409,2.8680229387591676,1.3226807820226656,idle
2025-12-12 00:00:03.700,-0.783055245134278,-0.7060593686027862,-1.6795702910067116,-0.9686618670223592,1.0599407307838329,-0.2641198530110484,0.8387598619801369,idle
2025-12-12 00:00:03.800,0.400435662395571,-0.10037741009055073,1.3380719507114647,-0.26489558191102547,0.9920701533322839,0.7721670887587472,1.5184301349246192,idle
2025-12-12 00:00:03.900,0.4616998232826091,-0.12719934545989572,0.7522688149612197,-0.5356586701846864,0.7691494272464622,-1.057230406308695,0.8096682389766549,idle
2025-12-12 00:00:04.000,-2.2489252773134223,-0.5829084308907446,0.528733210339599,-0.17822707799550694,-0.467543348435793,0.6090258458682167,0.8008502049815941,idle
2025-12-12 00:00:04.100,-0.5333823883008114,1.4065648843931855,0.28464638789514035,-1.8419611001174692,-1.4786968212206464,0.6111990451960932,-0.2689711236512521,idle
2025-12-12 00:00:04.200,-0.5777035994667917,-0.7769812973350879,2.074511534013857,-0.36407747303894655,-0.00029026171388743175,-0.5399638014083262,0.8542782417028626,idle
2025-12-12 00:00:04.300,-0.30838229133050077,-0.07648575271744305,0.5788226353614299,-0.09549307426181601,1.188455619945581,-1.0976499315539092,2.203714467377503,idle
2025-12-12 00:00:04.400,1.5374336912679973,1.600906624835273,0.7778789700158009,1.7575191812107793,-0.17255282361028437,-2.292385855466966,0.4314523689771981,idle
2025-12-12 00:00:04.500,-0.7731554589460421,0.21432658539403543,0.6284447132850925,-0.21422623361715995,-0.3181570234861182,0.5426788761726098,0.1777494315015933,idle
2025-12-12 00:00:04.600,0.10052271069369809,-0.0015043692892574164,0.5964162973007644,-0.05633330917039787,1.678115751220276,-0.9073854229058389,1.4935265331324061,idle
2025-12-12 00:00:04.700,-0.1562854452443402,0.9471598209357481,-0.4098572151543643,-0.08816840207476725,0.5616112651429136,-1.1340641193597403,-0.9770147374586686,idle
2025-12-12 00:00:04.800,-0.006827729936253186,-0.8335686791780156,-1.3392669742296657,0.343812155574431,-0.466399452441947,-0.6561525427924748,-0.832158720143332,idle
2025-12-12 00:00:04.900,0.40274813826463307,-0.396583671164696,0.23970540849379746,0.7091701076648338,-2.0074451994314284,1.070656895836428,-0.698806355304829,idle
2025-12-12 00:00:05.000,0.09139728745306368,-1.5738021417777197,1.5630190467291847,0.5795045172105828,-1.0378304375944558,1.644516217634118,1.3971495113637267,idle
2025-12-12 00:00:05.100,0.6248604269029585,-0.48357969868219053,-2.110213018668089,0.33876971423313096,-0.35541634184060933,-1.1492235200565337,1.114934801118933,idle
2025-12-12 00:00:05.200,0.022338551372709212,-1.1148509067658279,1.047191855375501,-0.4708372994359104,1.5047612818017768,-0.5674926474419517,-2.6757893430231703,idle
2025-12-12 00:00:05.300,0.43823023713567105,1.1008485147446747,-0.9926699069236956,-0.6846385087642402,0.024277466592196557,0.012233407432148579,-0.7588165385977776,idle
2025-12-12 00:00:05.400,-0.24466504069247974,1.4649291924646295,-0.8511612677193438,-0.6250397132996317,-0.05163298955878777,0.07894850247903645,0.8492330674801138,idle
2025-12-12 00:00:05.500,0.5965920305622903,-0.13589399510631883,0.5688022534606801,-0.42568412062311495,-0.13218811497021096,0.755540537865699,1.0057178055497422,idle
2025-12-12 00:00:05.600,-0.4562151117331712,-0.074690563652823,1.5161383681223584,-0.5165558964882048,0.5639215219483166,0.1361984622298988,0.11517991808842608,idle
2025-12-12 00:00:05.700,1.1547953934935866,-2.923553426282699,0.7482644617090956,-0.08312701633217871,0.31197043532372104,-0.24647545856846434,1.1986545919472738,idle
2025-12-12 00:00:05.800,0.7702986739783749,-0.40513395904041255,-1.8951465448420395,-1.113030089658437,-1.2438012119627426,-0.9067239550292537,0.554846960019702,idle
2025-12-12 00:00:05.900,-1.3779766854435351,0.6986466591030179,-1.01042444595929,-0.5415310574610167,-1.6748078781879134,0.2493769420755201,0.25500130739104676,idle
2025-12-12 00:00:06.000,0.2287734292030286,-0.11869479021655667,1.0855288784561692,0.5395259224579526,1.5529248368064454,-0.5080078399865461,-0.2604192311673668,idle
2025-12-12 00:00:06.100,0.6991182021987442,0.4543883239295695,-1.9801540164375047,0.2544116585721237,-0.16766848735524656,1.4173103608587558,-1.5042164406552807,idle
2025-12-12 00:00:06.200,0.5188964255616753,0.13628745373025203,-1.5734750131770632,0.9570232708760773,-0.688761180656185,-0.08708085300653107,0.7597093213705067,idle
2025-12-12 00:00:06.300,0.2773371081071355,2.978734597462244,1.218108902628558,0.7254516367966809,0.7060798950131616,0.2551982336449431,0.33640250681559297,idle
2025-12-12 00:00:06.400,-1.2619172815903765,-0.2285968823799448,0.3308371680388243,0.011905018852173902,-0.6538480883461754,0.45926586244297907,0.3871017462946344,idle
2025-12-12 00:00:06.500,-2.8277765161097785,-0.05411869398110271,0.7707630681177369,0.3132812748344009,1.3965845277710482,0.9055979410181816,-0.6598220184259425,idle
2025-12-12 00:00:06.600,-0.054787943919806494,-0.45450396727417347,-1.72687440436849,-1.3931257454233257,-1.5398858812429324,0.33108550144399257,1.3848681478548406,idle
2025-12-12 00:00:06.700,0.11764099159894228,-0.29315068101088526,-0.2634320492422295,-0.9118422473089227,-0.15782208602071682,0.8953947090874386,0.7494137003599426,idle
2025-12-12 00:00:06.800,0.42561724589362987,-0.4430093515499757,-0.7163798187413182,-1.286210833398378,-0.06288560082877295,-0.3786458269008014,-0.21402120232320293,idle
2025-12-12 00:00:06.900,0.47490614778390994,1.1285203649336684,-0.21380168436654168,1.882251797745914,0.5347763085459027,0.22981604630462435,-1.6918894745016477,idle
2025-12-12 00:00:07.000,0.9057300298150839,0.44541563150620733,0.46385707022819866,0.7422225639909341,-1.5728866737092906,1.0051535801710032,1.181935403632952,idle
2025-12-12 00:00:07.100,2.2671417438848613,0.8871778572895012,-0.5431652905938545,0.613786438657392,-0.9333427829298817,-0.608229453086117,0.691669098418944,idle
2025-12-12 00:00:07.200,0.9433656390998998,-0.03027710591045435,1.1439611867779254,0.3701343165812651,-0.3424126329028179,1.202136214313925,0.12228687318140416,idle
2025-12-12 00:00:07.300,0.48646175738008324,0.6292368975282674,-0.07854371947408682,-0.37183727899707014,-0.5930856151593591,0.4761553127295384,-3.4062395675767183,idle
2025-12-12 00:00:07.400,1.0470110835987927,0.3059733011358178,-0.8286948398968526,-1.0118548248178718,-0.044948882633041184,0.2645582537771957,-0.9703269984536976,idle
2025-12-12 00:00:07.500,-1.2482585211535695,2.3954751853308727,-1.3191731870876724,-0.5107144116771271,-0.7747646725525175,-1.4618973640966415,-0.18871396891606648,idle
2025-12-12 00:00:07.600,0.3352075699157161,0.46412975098873394,0.1777717879822689,-0.7789401532588147,-0.24459237552811827,-1.9733795895732906,-0.1711262756438848,idle
2025-12-12 00:00:07.700,-0.2586171209620347,-0.6680685547734013,0.830236612174695,0.138388533572592,0.9249273095146459,-2.0810757989026256,0.18205580504969002,idle
2025-12-12 00:00:07.800,0.7657766041306026,1.047106713578054,0.7537062101866329,0.22820673317323803,1.9690009671398845,1.1484885761856845,-1.556278776353497,idle
2025-12-12 00:00:07.900,-1.158576094222412,-0.9633317022229478,0.7343530353647004,-0.9832415593352803,-0.7757101432462065,-0.301964788852051,0.6590446105545986,idle
2025-12-12 00:00:08.000,0.742829975975814,1.094011176717885,-1.8732962985817307,1.4064089826541708,-1.6589718976821872,0.581580004133803,2.272653037198645,idle
2025-12-12 00:00:08.100,-0.9184050565292189,1.6263560977271787,-0.21908487020312375,-0.2871094317194354,-0.19152852179993307,0.8673223349499647,-2.0601402921635716,idle
2025-12-12 00:00:08.200,-1.086778423637797,-2.2304482982583655,-0.5500356274247765,-0.8901557570793645,2.2253644505366066,-0.03866925222069128,-0.44827617627591554,idle
2025-12-12 00:00:08.300,-1.876292834198898,-0.4964585679288713,0.33557233026140776,0.04226789614354393,1.625522916547546,0.46993986813131317,0.21688431664845947,idle
2025-12-12 00:00:08.400,0.18366199787583193,0.9142703286439835,0.26250297530587674,0.4236785190360641,-0.02580762978935065,0.17089065920801427,0.5764760688736138,idle
2025-12-12 00:00:08.500,-0.06510188911268676,-1.9655876257664895,-0.6555838301205469,0.29372898157498156,-0.6014761360999281,1.3106535385566562,0.10589871294256219,idle
2025-12-12 00:00:08.600,1.5199661139512886,0.7442874218065264,0.9508595522799143,0.5925247418729579,-0.35260263176657275,-0.9972656909139028,1.0437220727068108,idle
2025-12-12 00:00:08.700,1.9913825871822783,0.09534842744444028,-0.9538307882859606,-0.7419441858780902,-0.7842741538863616,0.6798655756239542,0.15046586109000057,idle
2025-12-12 00:00:08.800,0.46062963551495834,1.5921999784408298,1.47295096575411,2.296293552965713,0.8919402206486249,1.0591340159677287,0.6085916738889501,idle
2025-12-12 00:00:08.900,0.36697786336027693,1.6769557974131188,-2.3792261546808873,0.0892100313952951,-0.6991588979991046,0.18244481236948845,0.2488113628668374,idle
2025-12-12 00:00:09.000,-0.3096776245758548,-0.7446852179712035,0.17352044013124623,0.42325991308325384,-1.618358501514446,1.5046679271757328,2.2364473118964066,idle
2025-12-12 00:00:09.100,-1.3642241679109632,-0.5683388355146302,-0.02807436302934211,0.48615991096813765,0.33946491377210924,-0.10059539124614998,-1.2451551308412598,idle
2025-12-12 00:00:09.200,-1.1147497826167858,0.8433751994133181,-1.604175576875638,-1.7578703153233508,-0.2652218942152926,0.9728690120217127,-1.5123422009321679,idle
2025-12-12 00:00:09.300,-0.35589718655880304,0.9271157027985535,-0.11546154226234512,0.12374208505050545,-0.4766810981219433,-1.6382583351098239,-1.1727527876640762,idle
2025-12-12 00:00:09.400,0.4260493220215149,-0.7707655855283555,0.19944714934294758,0.5400069768812711,0.5306407707565072,1.0188912295547075,-0.447117143525799,idle
2025-12-12 00:00:09.500,0.7483513916209488,1.3543656414955092,0.37700248159129945,0.3737257822006868,1.3583708825335743,1.4020505909888352,-1.117455575925646,idle
2025-12-12 00:00:09.600,0.519368960046792,-0.17017028454390426,-0.4320850695249446,-0.20239406369124685,-0.5909103111905974,2.4179386111299457,0.5048111047892423,idle
2025-12-12 00:00:09.700,0.11147097527630914,-1.0273618138092164,-1.73144078880234,-2.178851518030225,-0.21331787882446618,-1.6558466185012983,-0.6248989991359952,idle
2025-12-12 00:00:09.800,1.9264696370283938,-0.5628042742922389,-1.5644039181727885,-2.9955047063952356,-1.3756393475252888,-0.3546544606692139,1.1300238618134917,idle
2025-12-12 00:00:09.900,0.8326257987707607,0.5613376738534938,0.7412201780949699,-0.1599821939066407,-1.6844391561815866,-0.914077230540799,0.011743890391608395,idle
2025-12-12 00:00:10.000,-1.3858018182262068,-0.9910548918246822,-1.091570755244606,-0.03747200093334267,-0.09697646119370475,1.6836856913818437,-0.14647297316088081,moving
2025-12-12 00:00:10.100,0.13592200542062896,-1.226180561304737,1.345983973662581,0.20954674377613064,-1.089958945223002,-0.9811317860381007,0.5518787051183214,moving
2025-12-12 00:00:10.200,-1.5210960600916597,1.2081060179023255,0.22997478343374825,-1.4265847735278958,0.053366715295462594,-0.849588649655606,0.9465297490553358,moving
2025-12-12 00:00:10.300,-1.294167666570414,-0.9316757716894553,-0.41040524381542237,-0.684740491632974,-2.083737482064623,1.785926411595574,-0.04581978294298462,moving
2025-12-12 00:00:10.400,1.9260650108583728,-0.9087130867358899,-0.018725600857421393,0.4335124429177311,-0.8790304634828957,0.4664268074453199,-0.3102054228027757,moving
2025-12-12 00:00:10.500,-0.32242096309834156,0.24151127576345102,-2.546591065306292,0.7243415147451693,0.16419514486757694,1.0349104549855275,-0.06304121818465293,moving
2025-12-12 00:00:10.600,0.5617780664950306,0.06775497149182957,-1.119120417376361,-1.169262971171731,-1.3572102596772389,-1.2323032331812578,-0.8812108777268243,moving
2025-12-12 00:00:10.700,-2.6547850525538705,-0.7370721522103091,0.9459726578455833,1.3306532457923523,-0.9529723120332346,-0.8820122803431515,0.3451492901767161,moving
2025-12-12 00:00:10.800,1.1665839677888528,0.23919449269187795,-0.05348024099272557,-0.4407854782045939,0.6502799520833114,-0.10649532301868109,0.18007291447303156,moving
2025-12-12 00:00:10.900,-2.2724602037749553,-0.3235157510806593,0.6193774621962095,-0.5011645994353223,-1.4654496503024623,-0.6225645410791724,0.21285480266361345,moving
2025-12-12 00:00:11.000,3.05408407374679,-1.535986306848155,0.08872191621534742,-1.0476606111351314,0.209663226066014,-0.3465567524250707,0.39286299018054194,moving
2025-12-12 00:00:11.100,0.0403853208688236,1.1128003783775686,0.6134319395868079,-0.9594092467021981,-1.5629038684750731,-1.5371485379710312,-0.7877410504167762,moving
2025-12-12 00:00:11.200,-1.444664260193756,-0.04791331973897096,0.9648816969545636,-1.6767969669447738,0.4880519323878459,1.092868820143817,-1.0064793220945927,moving
2025-12-12 00:00:11.300,-1.3935668714377836,-1.152288675418468,0.17543449886776827,-0.5399244318260751,0.9613166669111165,-0.26195292472023435,0.8506182618709741,moving
2025-12-12 00:00:11.400,0.020170366864662333,0.4580210079510072,0.8012239614276344,0.8309942524128451,0.8856186752622586,1.179585950243687,-1.9291521859465501,moving
2025-12-12 00:00:11.500,1.3391088090125265,-1.9441302380318568,1.2948668438960138,0.6179860531929854,-0.6690924258193877,-0.21744247780870696,1.061810990396456,moving
2025-12-12 00:00:11.600,0.5703403757975545,-0.3273888808382673,-0.03938524430533737,0.4346153225769116,0.8221454072918545,-0.1408132188214379,0.4023656378730796,moving
2025-12-12 00:00:11.700,0.13326734362168952,1.3965058999284836,0.7653727030892414,0.05676523578035055,-1.4040266010767661,-0.972848638001993,-0.29036670646596796,moving
2025-12-12 00:00:11.800,-2.7013001607328486,-0.7079880431778024,-1.2698234979307732,-0.6991497158723533,-0.5080674173918451,-0.11935293409930677,-0.7774803982101135,moving
2025-12-12 00:00:11.900,-0.5375332913849532,-0.9672279938350885,0.10363906021906578,0.1580109601026967,0.9034483395683086,-2.131230475434704,-0.3351065813070178,moving
2025-12-12 00:00:12.000,-0.8914968872914881,0.6436491434222208,0.928713957257848,-0.5324059245888685,-0.3744451068790771,-0.8503279199446255,-0.7654693934571096,moving
2025-12-12 00:00:12.100,-1.6631251620034322,-0.4467395392022962,1.1962342753110466,-0.6345192388175297,-1.8882128363320705,-0.91321830215516,0.4915818615061379,moving
2025-12-12 00:00:12.200,0.3238439368417624,-1.9933799997325061,-0.37138288688800425,1.317732190815282,-0.9977081777732202,-0.8399402364097918,-0.46953564363813716,moving
2025-12-12 00:00:12.300,-0.41275495803484996,-0.8352375055100393,1.8999699143472033,-0.9706627535866903,-2.5505451183245125,-0.5707886889032461,1.3120581367508053,moving
2025-12-12 00:00:12.400,0.009786355611112971,0.2868240671722223,1.8070446283711195,-1.2412396648157302,-0.4651519451710052,-2.1281089170366623,-0.22426232832111268,moving
2025-12-12 00:00:12.500,0.2920788928428342,-0.33872061959587113,0.9826725934789224,1.420768608030252,-0.21403097924643233,0.558307794889823,0.1571113050331473,moving
2025-12-12 00:00:12.600,-0.06995712326726275,1.1902290136900866,-1.0360513862342353,-0.2514961816378606,0.8385194776438756,0.17609950552014997,1.295510402951349,moving
2025-12-12 00:00:12.700,0.05551645498036996,-0.9482168428360294,-0.25925313046468423,-0.1587279189920334,0.09771666106272527,-1.5241317211665995,-0.7423497964100086,moving
2025-12-12 00:00:12.800,1.4058290260845467,-1.866911936885927,0.34068237227662473,-1.3870118380327705,-0.7081638165628269,-0.0738389526869626,0.4594380739440419,moving
2025-12-12 00:00:12.900,0.2718675324706857,-1.6068681172471968,0.5281110352491322,1.8365848136708094,0.07209171859495817,0.002347405530081292,-0.37957312858417736,moving
2025-12-12 00:00:13.000,-0.6524311917724729,-2.3103263053303733,0.6783985409307688,-1.268368942697891,-0.37982668861675745,-1.4429570951065247,-1.6114135001344485,moving
2025-12-12 00:00:13.100,-0.8707763814995698,-0.7803173099684361,0.3594790907617891,-0.48396397125297397,-0.6922527954552187,0.5799368594272153,1.2430015218037476,moving
2025-12-12 00:00:13.200,-1.2196883762665085,-0.2987228014169555,-0.9940027270317421,0.3282480887537452,3.1647083517447623,0.17269054583501406,-1.1673769369870015,moving
2025-12-12 00:00:13.300,-1.3695202413565781,-0.5196811219226801,0.38190448956757467,1.90508185874149,-0.19255983394338605,0.6574613341035079,-0.6374565333240629,moving
2025-12-12 00:00:13.400,-0.8499223019210221,-0.6759415891594545,-0.23313486013027246,0.4241002465272702,-0.922373460689639,0.12402752884485076,1.806496088320043,moving
2025-12-12 00:00:13.500,0.21253366376839117,0.24953899169796476,-0.0837127489302795,1.3511661525546592,-0.4703715264456075,0.6306286222368115,-0.7127821714981321,moving
2025-12-12 00:00:13.600,0.2330333146638167,0.14706715499600057,0.7535233580839772,1.6108821260233765,1.3905784274928203,1.2961875212969325,-1.1009552818594452,moving
2025-12-12 00:00:13.700,-0.0017309576681272926,1.296038650832672,0.9638807408049586,0.2625861379699266,-0.3932893070293275,1.1007224583534256,0.45517402546384716,moving
2025-12-12 00:00:13.800,0.08845618168438943,0.3055418330200343,1.4342636652630771,0.284360436940597,-1.5426327364387737,1.1004631561173572,0.23942245624487793,moving
2025-12-12 00:00:13.900,-1.5502187464762496,-0.5769496084085524,1.3469874796493202,0.08412248228482279,0.25382479957956544,0.4738445212405162,-0.8306787340297576,moving
2025-12-12 00:00:14.000,0.06018522201151872,0.2661685198060434,0.5809275164759108,0.9075110529681827,-0.8381485092258913,1.33188548366026,0.2325048555734116,moving
2025-12-12 00:00:14.100,-0.2415484725567371,0.7470623758092495,0.3100540575647634,-0.27340120436263915,-0.27277675058125045,-0.44331711193223644,-0.42089536422371643,moving
2025-12-12 00:00:14.200,0.8834973878426031,1.4100228091607676,-0.7329594087477143,-1.0174495676504112,-3.173368800358401,-0.22664846475746464,0.5016965622908146,moving
2025-12-12 00:00:14.300,0.36444171680129067,1.273686720280456,0.6611389180340079,0.7967828491217199,-0.895042090712959,0.0036196281016964795,-1.6686896483362335,moving
2025-12-12 00:00:14.400,-0.03529664914894306,0.045740985811496146,1.887727047548549,-1.011794554511053,-0.2313216571016157,-0.6792045049003379,2.1669114820438815,moving
2025-12-12 00:00:14.500,2.1736446040716375,-1.4319616158231432,-1.267410817062182,-0.0026154198959561685,0.0014771775934420005,1.121291976184688,-0.008202303928273483,moving
2025-12-12 00:00:14.600,-2.5982952372566968,-0.9579647553131512,-0.5551301501170963,0.88062055012915,0.44419457559810877,0.7662840504780517,-0.2982393399766322,moving
2025-12-12 00:00:14.700,-1.111852601852407,0.4432065513313526,-2.0624603396255328,0.3102776490492953,-0.5072713894107458,-1.361640410212051,-1.3328426055578593,moving
2025-12-12 00:00:14.800,0.7821522895101661,0.2558050480318324,-0.18809448486595914,-2.5677098074741775,-0.11877719364712283,-1.822556953546946,0.5863313633470192,moving
2025-12-12 00:00:14.900,-0.030409815069148298,-0.6020999578515974,0.3758362248395235,0.9522970941381037,0.9780584969445124,-0.5185544204272137,0.14803199995518107,moving
2025-12-12 00:00:15.000,0.7563048293639237,0.13282097738052143,-0.46032569693296777,0.580119229217972,0.35929998233923094,2.02466801033498,-1.1979694776557266,moving
2025-12-12 00:00:15.100,0.1752564632520336,-1.805089283092618,0.812560690943895,1.6711415579189322,-0.34576758701447596,2.1762308404058275,0.5709291974382678,moving
2025-12-12 00:00:15.200,0.3897034643724674,0.09781519588376013,1.0131923894779646,-0.33633310171747705,-0.25505043227956187,-0.6421856575949623,-0.18691033499121854,moving
2025-12-12 00:00:15.300,-0.22326022197533923,0.06094896452243172,-0.9422179959930149,-2.1206798445531474,-1.9645350806941082,0.20517170037604984,0.5361909268338617,moving
2025-12-12 00:00:15.400,1.6644009456110171,0.11296329650725254,1.141510346569557,-0.25411282649248,0.003907171211429674,1.8221769199970685,0.5132318339455534,moving
2025-12-12 00:00:15.500,0.9437176309166072,0.5385625258094531,-0.38612921370579145,-0.5681108671816801,1.351261168032911,0.7888487478543639,-0.8281534433274087,moving
2025-12-12 00:00:15.600,0.07301563876452995,0.920124758901794,-2.2495480172765334,1.4733905520891661,-0.18440172148563708,0.022048558709094022,-0.5932558692559187,moving
2025-12-12 00:00:15.700,-0.7327972244491349,-1.3761081740242855,0.835111806942535,0.5950555150631345,0.09708315961980449,-0.5941880014039284,-0.6085394612930144,moving
2025-12-12 00:00:15.800,-1.078178661608847,0.5496241075874718,0.44436101707104836,-0.06518873136353452,-1.7091842460127835,-2.4474938364597474,-0.08174307498815395,moving
2025-12-12 00:00:15.900,-0.31251004637946506,0.8595901884072175,2.4993525179556695,-0.4514929984103852,1.6392535286129672,-0.5983623837291595,-0.5488433534223546,moving
2025-12-12 00:00:16.000,1.0574583120818832,-0.6252279570499473,-1.0196870322692801,0.8315658489101507,-0.02850139491307215,1.047647965390756,0.2148791811715862,moving
2025-12-12 00:00:16.100,1.2784720026399792,-0.36649201703526824,-0.07519079720613944,-0.7680509102639829,-2.5773808625222334,0.6385151802207247,-1.5858606537033755,moving
2025-12-12 00:00:16.200,-1.1950977547717507,-0.9013715766234115,1.006981341491025,0.6225144168373646,-1.0991249061167243,-0.18198164159090247,-0.7754305106350028,moving
2025-12-12 00:00:16.300,-0.23883259988645297,-1.0314872326143885,1.2051386867315799,0.7838220374428124,0.15219302477121158,0.19547475134095235,0.33678758258061897,moving
2025-12-12 00:00:16.400,-2.6159566846762887,-1.0958051865687015,-0.6464873289315638,-0.902199770017647,1.4826003049779943,-0.26873548476160625,-0.05895316669027482,moving
2025-12-12 00:00:16.500,-0.2182256775158887,-1.0701990158925039,-0.0051067893070517855,-2.0245426476071393,0.3545008880033765,0.17029980907010941,-2.8370762816271187,moving
2025-12-12 00:00:16.600,-1.7361420571823305,0.846832022003785,-0.4340515116796859,-0.07574373381120915,2.335860603969362,1.2450211543073095,0.40062610877674976,moving
2025-12-12 00:00:16.700,-1.3500758577724579,0.6067830024613763,2.2856712030035973,1.1482093441447723,-0.5751669831421747,-0.5808519409905318,-0.3083369635275287,moving
2025-12-12 00:00:16.800,0.37187477523994367,-0.20617768769087835,0.32850131325450344,-1.1352660003188884,1.0526143713651328,0.4357510755374514,-0.6108495364463178,moving
2025-12-12 00:00:16.900,-0.24875712949062487,-2.7160025832164885,0.09975748227261337,-1.379078250021592,-0.2502792628356449,-1.376075202929638,-0.32671003081670835,moving
2025-12-12 00:00:17.000,0.2958790726512072,0.8349854809367985,0.247270923718994,1.5045057362907917,1.5941838434259301,1.9398608016452816,-1.2490184579000967,moving
2025-12-12 00:00:17.100,-1.4303792173215764,0.5978363573823408,0.2518269157678885,0.40709287117292714,1.2648379618330876,-0.27494457895970076,-0.28699022976707195,moving
2025-12-12 00:00:17.200,1.2257664724921216,-0.1365912436623851,-0.21617334562190965,-0.4332922173494984,0.06806577944356913,0.7644085640601674,0.015129262211337561,moving
2025-12-12 00:00:17.300,0.0941039811580887,0.30500726335922024,0.521353949771435,1.146203214479935,-0.4654834637517317,-0.7513345782998826,2.3591610623876575,moving
2025-12-12 00:00:17.400,-0.48134269847898886,0.8930979860008678,0.7021303623478838,-1.966215310505029,1.2419359918912976,1.6079321890647225,-2.5101793578517557,moving
2025-12-12 00:00:17.500,-0.6207633259495782,0.7766946496623914,0.4636593102377275,-1.007970134369749,0.3997872950517148,2.506469309087648,-0.32875706855118986,moving
2025-12-12 00:00:17.600,1.0703446550865923,0.7642292394494783,-0.11156687796560555,-0.8659719955221513,-1.502151599708565,0.5636101247181315,-0.31516204458374975,moving
2025-12-12 00:00:17.700,-0.4518297064732175,-0.25842146609786787,1.2225155890074075,2.200605730019916,0.7766555583018663,1.1675820129493295,1.460087901131762,moving
2025-12-12 00:00:17.800,0.5911391478962565,-0.9024920781332569,1.5351609913045805,1.6844760687581182,-0.2882597017534799,-0.34286047071096853,0.18362562682116787,moving
2025-12-12 00:00:17.900,-1.8937786776887267,0.5061288590843313,-1.2519850332475608,1.142109767792164,-2.7451964615206466,1.8716894043664174,0.5611020807166694,moving
2025-12-12 00:00:18.000,-0.9534445288504526,2.0971975305490975,0.12848318085042879,0.06348015503331013,-0.22870298368687833,1.7722291987754417,0.960982553838358,moving
2025-12-12 00:00:18.100,-1.1316446666294409,-0.497890778316103,-0.21925394088748643,0.521776685009906,1.4889463307967128,-1.9588247931696738,-0.0028087049143503216,moving
2025-12-12 00:00:18.200,-0.07266083325486106,-1.4957202520071193,-1.7616478088815433,0.5095045760773829,0.5208942988352179,-0.06328172234310803,0.5362903363932154,moving
2025-12-12 00:00:18.300,-0.9765376807966096,0.14904353770080972,1.169181744713143,-0.34511666257076956,-1.209867016734316,-1.3462346433391046,-0.4267994515734307,moving
2025-12-12 00:00:18.400,-0.5817314013667899,0.8548695450761903,0.28937340404359846,-0.3403164671666577,1.5989490251077663,-0.18421044988372864,-0.7334124810422519,moving
2025-12-12 00:00:18.500,0.9667119420024551,0.3415320528664039,-0.23939381437792556,1.2473563545248887,-0.6859270525014532,-0.33917949361587213,0.16750037697225426,moving
2025-12-12 00:00:18.600,0.43776523265762507,-0.11588092904965835,0.5236346294430338,1.3152732057812577,0.19660365096071697,0.3244592423300188,-1.2473026519234935,moving
2025-12-12 00:00:18.700,-1.4148543216265892,0.16604284829633031,-1.138936774225262,1.984351388441703,0.8749175605020139,1.4307984527840691,0.8415279293044639,moving
2025-12-12 00:00:18.800,-0.8153801748483275,1.1794239909456015,0.23389773665078734,0.9749323873619706,2.368068096024238,-0.26175972121977636,-0.3106755773116238,moving
2025-12-12 00:00:18.900,-0.27782874215976244,-0.0377353654715455,0.18946946289999975,0.4566519374176331,0.1313660771884687,-1.3598117040183406,-0.5868137719705361,moving
2025-12-12 00:00:19.000,-0.7682698470577605,1.5099648574431357,1.1581183607513725,-0.4587742162726651,-1.4775274060068697,-0.4089915932281116,-1.5219619656764087,moving
2025-12-12 00:00:19.100,0.6209830006649227,0.6464249402657267,-0.041750611857329464,0.8386800684839912,-0.2805481006488308,-0.0757763391868241,-0.8857481148785474,moving
2025-12-12 00:00:19.200,1.4216215911916759,1.3132975802159785,-0.19940218291889894,-1.895966437047636,-1.852675310886308,-1.1756667499443285,-0.6417593256821537,moving
2025-12-12 00:00:19.300,1.1548270660191655,1.2347793742090263,-1.3959882989301913,1.185151462962875,1.47581239395348,0.008669855654042952,-0.8518098320776362,moving
2025-12-12 00:00:19.400,-0.3749151930746376,1.7827245511585035,1.5316032198332767,0.6917844077157903,0.34189017089719603,0.9761409501136963,1.1182727681587532,moving
2025-12-12 00:00:19.500,-0.6627402448793512,1.1495034699976177,1.9013702807609354,1.4831608092079525,-1.7746490295773187,-0.43501780781845845,0.47216956559098044,moving
2025-12-12 00:00:19.600,-0.8786457657420588,-0.724773458043979,-0.6419380138494062,-0.588784976151936,0.5035974704708713,-1.0903764648188314,-0.05509422737518539,moving
2025-12-12 00:00:19.700,-0.4803252360842146,-0.3152085978018336,0.03492520695992597,-0.17081827009532924,1.3649888315283911,-1.9578932838661909,0.5789092984128976,moving
2025-12-12 00:00:19.800,0.3874399056641163,0.45845985632482406,0.7126573894790313,-2.1361495414738125,0.5962436773506592,0.08671324431178837,1.1294102620179693,moving
2025-12-12 00:00:19.900,0.8592436330397116,-1.6547961139936962,0.9258432703892194,-0.4050057477773169,-1.3422997017155116,-1.9762615042524636,1.0643339603097268,moving
2025-12-12 00:00:20.000,-0.6618776666051045,0.0660247124367279,-0.12448723896397226,-0.0798140070023804,0.040741889878103024,-1.5148492253375272,-1.4417393726154992,moving
2025-12-12 00:00:20.100,-0.6966326706000627,-0.7478760056346706,1.0661695843026961,0.12747554865327476,-0.9160362679204956,1.187424974344833,-0.8946161520629696,moving
2025-12-12 00:00:20.200,0.10021613199578802,-0.48905559166830936,-0.8054514717157195,-0.48419774136827176,-0.11656677035109768,-1.509288757469762,-1.7672460028435215,moving
2025-12-12 00:00:20.300,1.7271049106997438,-1.2194078044436638,-4.11458897843736,-0.5161305960874228,-0.15706748097092085,2.1368223533295088,0.5755682149058879,moving
2025-12-12 00:00:20.400,-0.010900257896296488,-1.8749660853762773,-2.487228566917458,0.932835286433356,0.14430823699946074,-2.7757030842343955,0.4091393407371253,moving
2025-12-12 00:00:20.500,-0.3153944652614297,0.7644328294556606,-0.6951018393629473,-0.013778423396165683,-0.445193943389642,0.4645941667116136,0.7508453388973434,moving
2025-12-12 00:00:20.600,-1.0738843758571504,2.1062684180364664,-0.7637474133762983,0.20267344378322338,-0.3829776595145521,-2.5105389601967967,-0.46500908439021,moving
2025-12-12 00:00:20.700,0.5520137514914468,-0.02028216534271761,-0.5318389666056463,-0.2620603732590405,-1.1065940123743334,-0.7349677249505002,-0.10432988296272504,moving
2025-12-12 00:00:20.800,2.0331808780127942,-0.1125717793437536,1.2269150033358838,0.2660306953997318,-0.9204401493104711,-0.55812637460819,-1.3000423092705784,moving
2025-12-12 00:00:20.900,0.9802876278998818,-1.0452782115025665,1.1358517593160478,0.11751886738397056,-1.864335438125692,-0.7458127513081352,-1.9766439535767846,moving
2025-12-12 00:00:21.000,-2.585454633720624,-0.4426625082760923,1.6249454981784301,0.7579392187899123,-0.37810211780468783,0.07464967699378948,-0.5915013143140087,moving
2025-12-12 00:00:21.100,0.32441573649447386,-0.5591485070561438,-0.752601461752018,-1.2965923481166084,-0.39395015961964935,-1.3589052692369525,-0.753756612192514,moving
2025-12-12 00:00:21.200,0.8923338481998838,-0.8668513726116522,-0.19240436331399205,-0.6338819100600769,1.2707058702742349,2.521482279935133,0.06072606582041819,moving
2025-12-12 00:00:21.300,-1.5121834782061672,0.42384225434045936,0.7854126982420486,0.7484175849285172,-1.157472405045393,1.9362269283200528,1.7134036951835623,moving
2025-12-12 00:00:21.400,-1.2903503331501311,1.4565438117331204,-0.27960558424522025,-0.043840381010950315,0.18001618257516414,-0.7840865468215246,-1.119764800390269,moving
2025-12-12 00:00:21.500,1.247098482541466,-0.11347913817085711,0.2734264195619682,1.2774453284980192,0.6746322481096838,-0.7299256614866637,-0.5397207784137875,moving
2025-12-12 00:00:21.600,0.16073853953652684,0.8314883725745148,-0.2971740750654717,-0.9858311020342108,1.4019055656174377,0.31777073278709184,0.34949146361178995,moving
2025-12-12 00:00:21.700,0.8025601786926353,-2.5851401060600785,-0.008082871533947536,0.1386703031274583,0.11548625385316087,0.9912310170598235,0.2778889051705926,moving
2025-12-12 00:00:21.800,0.6825561499457785,1.7213781148669522,0.6153728600301229,-0.3472704400219566,0.38689768146548487,-0.4783111443885598,0.5837682111321489,moving
2025-12-12 00:00:21.900,0.4140683619770994,0.022101229538467302,0.6790944781231428,-0.01102123820244126,1.2283905135594704,1.6557535657272948,0.24106659762590468,moving
2025-12-12 00:00:22.000,0.7052776036472663,-2.2895800391884613,1.8601938366863664,2.1725672961789724,-0.5022465360830082,0.14697051199171232,-1.9269045226486232,moving
2025-12-12 00:00:22.100,-1.1871228873680886,-0.13443479430619812,-1.0645601854858382,0.5964987875450076,1.727904167208115,-0.019058306306918738,-0.2910145446441588,moving
2025-12-12 00:00:22.200,-1.4463600055619723,-1.2598812732661508,-0.35626851684851957,-0.1304795955458428,1.4355749571398941,-0.33801720762311266,0.5203276333309661,moving
2025-12-12 00:00:22.300,-0.6765217604598038,-1.9567235812862471,0.46425641907613485,0.8951068185533206,-1.1274034974512284,0.5130435194164472,0.266389908837754,moving
2025-12-12 00:00:22.400,0.4617741714408276,-1.1380328775033026,-1.006029863030408,0.9363272558578357,-1.449284600572715,1.2364114319753985,0.4215892212775372,moving
2025-12-12 00:00:22.500,-1.3070920404424486,-1.0299702959091719,1.1028921424466003,-1.3072479327964905,1.7412290028126112,-0.6039550807521208,-0.6806124452195201,moving
2025-12-12 00:00:22.600,1.025044323273266,-1.4036449407680178,0.9854604571852636,0.4564981804939441,0.29232969322304,-3.8180242339408044,0.390678942592058,moving
2025-12-12 00:00:22.700,-1.8665591622057172,-2.0707833896257104,2.265659771558581,0.08350198779860947,0.8008804489781922,-0.30039155523900346,0.13777167236792687,moving
2025-12-12 00:00:22.800,0.5415978764305496,-1.0144564524971302,1.4411179779986685,0.4171157042966543,0.2904314996516646,-0.9458493085632931,-0.3126957257729651,moving
2025-12-12 00:00:22.900,-1.0505289815399563,1.6551091768448694,-1.9802437782604185,1.6862633693991795,-0.9974368395953669,-1.1624188159659081,-0.15847168515356647,moving
2025-12-12 00:00:23.000,0.31638268507070494,-1.3595046802746882,-0.3280187989914305,-0.8945959620226338,1.4286876616062192,-0.34077307905196463,1.561259533286901,moving
2025-12-12 00:00:23.100,1.9883347908926174,-1.40350407408474,-0.2210841413616787,-1.5260455840013771,0.9354098752665398,0.6374086416720712,0.8658044498981352,moving
2025-12-12 00:00:23.200,0.049787730021435085,-0.29430326959872205,-1.208657420780095,1.321585936820524,-1.6020795826423204,-0.15634831765136953,0.12879250518130872,moving
2025-12-12 00:00:23.300,0.45752949374901686,-0.7088224599175649,-0.6937941672681965,-2.117770691477345,1.3274289393287568,0.5657732281801592,-1.0156355633989922,moving
2025-12-12 00:00:23.400,0.04806180039233954,-2.2806113180454495,0.8961599031549633,0.8991233336222505,-0.3150458790052607,1.9521844193214173,-0.2591930619523398,moving
2025-12-12 00:00:23.500,-0.27427072914361467,-0.8967219872250142,-0.09718902132266424,-0.2270224007512174,-0.27096392739271524,-0.9231325592791882,1.6278801632772162,moving
2025-12-12 00:00:23.600,-0.1334363455778193,0.2873107120650265,-1.6026917088003685,0.5011215855436748,-0.46709870504246426,0.9839806729446248,-0.3351188176678207,moving
2025-12-12 00:00:23.700,2.2171030364571926,-1.2975193986676166,0.05973240373825509,0.1153172242304287,1.3551078390696065,-0.279961361244895,-0.9392171947942901,moving
2025-12-12 00:00:23.800,1.5995974341230055,0.3387285249054139,0.4819922043291476,-0.6249840434341768,-1.8337627549545061,2.030696302960083,-0.27995162480740293,moving
2025-12-12 00:00:23.900,-0.27907050389834553,-1.8370383026583652,0.35419706151646624,-0.9268573844144271,-1.1175775806106298,-1.3936759182562284,1.7046451352301863,moving
2025-12-12 00:00:24.000,1.4211385298550905,0.38771241546894375,0.7437658124124786,-0.12184363976867169,1.204238259375768,-0.2882821286359668,-1.6561826095721102,moving
2025-12-12 00:00:24.100,1.954771070143211,0.5871437816008901,0.4196637844285522,0.5342376174430784,-1.8842960370778388,0.12549140273842682,0.05121467410588331,moving
2025-12-12 00:00:24.200,-0.1649824488450197,-1.1562698375934337,-0.5883894126745328,-0.9539234180604254,-0.6011269848222052,-1.8728522046576794,-0.7949887871531166,moving
2025-12-12 00:00:24.300,0.3387088944710005,-2.322325640861299,-0.6454615357714624,-0.9991379406962904,-1.1482911015728874,0.44749558779602583,0.6751150122675584,moving
2025-12-12 00:00:24.400,-0.4240000337938039,0.8295216566181497,2.176378255388459,0.08356485219645823,1.627030105448334,-0.3079241648216111,-0.4369043910067213,moving
2025-12-12 00:00:24.500,1.0268044490027572,-0.15710470496433093,-0.04219804772658432,-1.0766209806296565,0.6733242330188381,-1.636415269499158,-0.09477584443926229,moving
2025-12-12 00:00:24.600,0.8688668304793261,-0.7876809100327161,-1.5076813110892338,-1.3416311733764117,0.9954362212630572,-1.1919645477990721,-1.3088425725650965,moving
2025-12-12 00:00:24.700,-0.7948146679316225,-0.9494891178021627,-0.5855541051236944,0.5735527220092889,-0.46055510361812624,0.00696624387011758,-0.5977110034369463,moving
2025-12-12 00:00:24.800,1.550912916493106,0.590113910600621,-0.9631941704135757,0.2639660919556481,-0.4549226486090261,-1.5413678157689328,-0.35940322795418195,moving
2025-12-12 00:00:24.900,0.4461936126873093,0.5057568343582697,0.13658655344023546,0.9021995554690806,-1.2947251639433814,-0.0960324839676443,-0.16374422704730032,moving
2025-12-12 00:00:25.000,-1.7849091960990826,-0.38660107381039255,1.8847343856719228,-1.0415109821677515,1.6652152029452207,-0.23888398750426235,-0.870815426634645,neutral
2025-12-12 00:00:25.100,0.652050288586254,1.3681521348343462,-0.34425510233833667,-0.7317588592543177,-0.6941391604432948,1.010298704830927,-1.3377215792227448,neutral
2025-12-12 00:00:25.200,1.169941617164986,0.7361015800073685,-0.8122433694322173,-0.18829970814491176,0.9295531720167404,0.6833599608131851,-0.0875936782106987,neutral
2025-12-12 00:00:25.300,0.7467625655094611,0.27345119042852495,-0.6508292639705249,1.0022931256481578,-0.4895376948822249,-0.7040585612232363,-0.6708184881839359,neutral
2025-12-12 00:00:25.400,0.5560070279873259,0.8934235626427967,-1.4951323351438786,-1.2061769775121738,1.9316088210524998,-0.8946757193510978,-0.1310652702420748,neutral
2025-12-12 00:00:25.500,1.3951483586456541,0.27908650038461813,0.36109399875857356,1.6451821602709322,0.8094672130202699,0.3516818135925072,0.5516088917138963,neutral
2025-12-12 00:00:25.600,0.6465441943768951,-0.07743244952456653,-1.0333231638408824,-0.8472744035262522,0.08140638571668718,-0.41623991937511956,0.6034835385496338,neutral
2025-12-12 00:00:25.700,-0.3669350246644459,1.2299173315821765,0.8959860835454873,-0.9577814766838221,0.1718082129653774,0.2909716789481324,-1.410892007133178,neutral
2025-12-12 00:00:25.800,-0.07552765462516525,-1.1882173316942024,1.7640779148941315,0.998347368384096,1.7501371607510992,1.1458320763658667,-0.5709188698397654,neutral
2025-12-12 00:00:25.900,-0.30884281044399575,-0.8524369270084414,-0.10173508543980933,0.30443379955764627,1.877727287421908,0.025833264609574785,1.4862416551578526,neutral
2025-12-12 00:00:26.000,1.2982246560979858,0.6523402525131907,-1.6045925573809576,-0.8407589748647922,0.36614764622754803,-0.8019238189108329,-2.0274999406368535,neutral
2025-12-12 00:00:26.100,-0.7800449466818706,1.7450829418497829,0.9703097302171159,-0.37495095269346546,-0.8526824838470376,-1.06453572800835,-0.5784847257764812,neutral
2025-12-12 00:00:26.200,-0.11486930356347518,0.4623126137109069,1.1265834941406425,1.476331738558165,0.1091233159386251,-0.7609273700402861,0.14295655027691956,neutral
2025-12-12 00:00:26.300,1.0025753722911115,0.03466300886514065,1.8173373820270609,-0.007627953129335273,1.2856113799106026,-1.2421009647436696,0.0905557738835095,neutral
2025-12-12 00:00:26.400,0.4611853536393774,-1.153722782816364,1.3808144433023628,1.0078036384273903,-0.5904194861836441,-1.2123427736270689,0.4159289659004408,neutral
2025-12-12 00:00:26.500,-0.44521233092042456,1.3345577868021705,-0.9884737500143763,-1.252313198265058,0.7780077699676483,0.4526746470969701,0.932200699038524,neutral
2025-12-12 00:00:26.600,-1.3954913424401347,0.5931435363158118,-0.5940670849454197,0.4470809663133288,0.04671130788027469,1.27078609846554,-0.25994743775183693,neutral
2025-12-12 00:00:26.700,0.9113869615363244,-1.554171190851371,1.110018139507602,-0.24625929188935122,1.631711069305091,1.4992044159393079,1.5917447080211116,neutral
2025-12-12 00:00:26.800,0.7846575788487054,1.6693571162216405,2.11697673667053,-0.6187662963869057,-1.011204127936329,0.3574663930394418,0.6437670486089009,neutral
2025-12-12 00:00:26.900,1.0761492373674308,-0.4998369775656115,1.5126522199446097,-0.06246184389160595,-0.7639443119758267,-0.06009419320708887,-0.6705756941282717,neutral
2025-12-12 00:00:27.000,-0.6733528086731112,1.2895248451165133,-1.528008034748153,1.270419287981237,-0.43215364466154604,-1.4262684189941492,-0.9894021060908383,neutral
2025-12-12 00:00:27.100,-1.260936100860205,0.8173335381971817,0.3687430229223459,1.4292427529225393,1.5580114112301384,0.14882486951582552,0.03920686733593224,neutral
2025-12-12 00:00:27.200,-0.4917983777759674,0.8348321563155646,-0.11169423443583623,0.9857213864872769,0.9569102331892729,-1.593951739148505,-0.16434072124069266,neutral
2025-12-12 00:00:27.300,-1.4287347291320325,-0.5998932907260291,0.3388083435456835,1.0916965128867933,-0.9402420104507164,-1.7573319826310048,0.8961609382556334,neutral
2025-12-12 00:00:27.400,-0.3475933268644066,1.863067558890588,-0.30782968037338154,0.14752049006886492,-0.531559316546769,-0.40525194479984317,-1.6696810404220068,neutral
2025-12-12 00:00:27.500,-1.0824226540061987,0.6587448938811433,1.0135356972827856,0.5895518554705407,-0.007935196976286078,-0.026161159853605093,-0.22893768783737073,neutral
2025-12-12 00:00:27.600,-0.7664236448528395,-2.0482986054527093,-0.2498057019544992,-2.068120183436714,-0.3571795331131635,0.3805651491592643,-0.7416359543140351,neutral
2025-12-12 00:00:27.700,-0.6438564218057662,-1.9583152360209153,0.6372090085994381,1.1048435067409916,-0.6248352958359379,-0.06233081670761619,-0.2732867851701909,neutral
2025-12-12 00:00:27.800,-0.4026995223851447,1.5207824338244922,-1.0595821013370865,-1.6933953811871936,-0.6646073958003542,0.04651737608706975,-1.388536126809753,neutral
2025-12-12 00:00:27.900,-0.2826843631937614,-0.38275137705537005,-0.6131511653834771,1.2492145607673955,-0.4630760035613459,0.3423298108190369,-0.05901814137287859,neutral
2025-12-12 00:00:28.000,-0.8048517900817062,0.69897977903502,1.2433661319337341,0.2438803536624792,0.38395741396474375,-0.6783390215828824,1.1921182826788306,neutral
2025-12-12 00:00:28.100,0.495711394028259,-1.2266479766057252,1.482434067275158,0.38235113164993373,-0.12452106374083052,1.5127578461591593,-0.1505515034269566,neutral
2025-12-12 00:00:28.200,-0.2584247568474234,0.15780930379513333,0.9303848132629408,-0.2304107341147914,0.007759364679586315,0.14600189407130656,-1.627565647690698,neutral
2025-12-12 00:00:28.300,0.2327657694231914,0.660442302773407,0.5503536387809422,-1.0394182389724438,-0.06686827910280511,-1.1324232595162942,-0.3747652565187415,neutral
2025-12-12 00:00:28.400,0.9660479496100763,0.20127902520348068,-0.5372138055183586,0.41241927193712563,-0.7586849938701,-1.1738826026366473,-1.005364033030254,neutral
2025-12-12 00:00:28.500,-1.0731020660630042,-0.47931480676855653,0.1365782457776524,1.0098822093737807,-0.18031406549294954,-1.1709360735793335,-0.0022884340766612223,neutral
2025-12-12 00:00:28.600,-0.27921515835566485,-0.11386963450826422,-1.2147902715088676,0.40858217981898476,-1.2177418156054716,0.2619756853655552,-0.09892143806338985,neutral
2025-12-12 00:00:28.700,-1.4292058293443592,-0.40224727647247216,-0.33267290302064023,0.6505796279239713,-0.12542969548651112,-0.7477849741287608,0.37679789890987303,neutral
2025-12-12 00:00:28.800,-0.6162088834625603,0.43211248839931077,1.1095749917591367,0.27336544104193417,0.03215201610410675,-0.8146648822946427,0.364117969572916,neutral
2025-12-12 00:00:28.900,-0.8033618552637858,-0.4327103262436742,-1.000049786500303,0.6895263174316517,0.9904074326412429,-0.1829471881093993,-1.6182083068105457,neutral
2025-12-12 00:00:29.000,-0.7259816160371428,0.5158213518326316,1.2381830015095387,-1.5016937801787547,-1.74773831376982,0.5883929412461074,0.4721404438647479,neutral
2025-12-12 00:00:29.100,0.3249654602487668,1.4079336568959404,0.31237932091208687,-1.1741670106127515,-0.6061159405043579,-0.4023037824724273,0.1632062075583238,neutral
2025-12-12 00:00:29.200,-2.050332324372422,-0.6612207766130608,-0.6933084841897739,-0.26760724756953,-0.3550834174571138,-0.07794749990725489,-0.6938725756381329,neutral
2025-12-12 00:00:29.300,-1.259021467295191,-0.4925956456595274,0.9625278640221501,-0.0835418119711665,-0.738973044590225,0.6050299721513581,1.536419623189755,neutral
2025-12-12 00:00:29.400,-1.6120272684771655,-0.0947458457663212,-1.0008106907254313,1.9543004295510522,-1.1663171672333699,-0.822231835639081,-1.212671738392249,neutral
2025-12-12 00:00:29.500,-1.0815011310657436,0.2595490889858734,0.6766708652789171,0.2067272076950068,-0.22684141820222573,0.11919339948267708,0.06176913868673536,neutral
2025-12-12 00:00:29.600,-1.5525769936974605,1.5575951408337045,-0.8949478697908989,0.2231688729275027,0.6419713118762331,-1.2749763679385004,0.3890807637782651,neutral
2025-12-12 00:00:29.700,0.7056451050574529,1.0105968698549725,-1.7529789038735222,0.5808340546406217,-2.0012128274167993,-0.22982435784232358,0.223306264091476,neutral
2025-12-12 00:00:29.800,1.2467703372562216,0.9298522028408966,-0.23775146747452977,-1.0403294456117347,-0.006418368803422857,-0.3390861891626666,-0.9211563667519668,neutral
2025-12-12 00:00:29.900,-1.2264111070239214,-0.5541507888933835,-0.9473636191297492,0.9256673199061886,-1.8630274538740177,-0.8151626666749479,0.026737824377218288,neutral
2025-12-12 00:00:30.000,1.12254434352965,0.05760366082694457,0.276236906368474,-1.0234486255809048,0.4864058934710535,-0.4691130501329921,-0.09333619740832134,neutral
2025-12-12 00:00:30.100,-0.9754844322782521,-1.0777896695896907,0.3207845711620647,0.1815544984774366,-0.9595796817737312,1.1257254642744159,0.36544175691347863,neutral
2025-12-12 00:00:30.200,0.5379446908519333,-1.2193034476981897,-0.41708032286549873,1.2314788905298217,0.9648531969674399,-0.6025305333106976,-0.06390652083268646,neutral
2025-12-12 00:00:30.300,0.02948591785104663,2.4215060457091058,-1.748001419938508,-1.5230025278381645,-1.1913674281939453,-0.033898722290506986,1.4646078153489748,neutral
2025-12-12 00:00:30.400,1.4190330241504763,-0.4415414854189426,-1.0355253841566825,-1.548621471292695,0.9359759820093215,0.012826684830889026,-2.1016949188097476,neutral
2025-12-12 00:00:30.500,0.11512123083905419,-0.8476265957315081,1.0815795241883353,-1.1759490613957344,-0.7572362893788946,0.5186200464215011,1.6587540496315794,neutral
2025-12-12 00:00:30.600,-0.873467822205122,0.0685346193234379,2.0106059679153874,-0.15200862891316186,1.0976997933646584,-2.0088345281023536,1.4098665672549704,neutral
2025-12-12 00:00:30.700,-0.7835036426220757,-0.41635011187093596,1.6210897571122589,0.14044215426105314,1.1352971194072585,-0.3355696775440242,-0.14804884069991145,neutral
2025-12-12 00:00:30.800,0.47717797786638144,1.024234246568965,1.4562531781705683,-0.341613388912699,-0.32066252195095846,-0.21191816929617815,0.2718660363683763,neutral
2025-12-12 00:00:30.900,0.09422564495701136,-1.5602365835930407,0.19660591572444655,0.622178307332863,1.059884214465651,-0.3845461243241863,-0.4095459702914758,neutral
2025-12-12 00:00:31.000,1.109556492005806,-0.5491142656501451,-0.378801491733632,-0.12685618321345976,-0.2797873937909723,-1.0470433843022333,0.32628222404966617,neutral
2025-12-12 00:00:31.100,0.5797155187100236,1.3945978280393065,-0.6975650008410591,0.1853816593149035,-1.5523512451634076,-2.119593295834959,1.9580227568738708,neutral
2025-12-12 00:00:31.200,0.4897893400804959,0.9999743096811765,-0.33290368320710406,-0.027458482641107083,0.05428439394480811,0.2264630347688441,-2.428292527924157,neutral
2025-12-12 00:00:31.300,-0.5705577639986755,-0.3499532122201549,-0.795518179995128,0.378815064077112,-0.37364110227842473,-0.8703152997261883,-1.8016461649833042,neutral
2025-12-12 00:00:31.400,0.6124646909700815,1.899435711300826,0.08680467890132014,-0.3371529110545644,0.2237634739866621,-0.2451851983919456,1.0525889713460626,neutral
2025-12-12 00:00:31.500,1.4599745664126116,-0.5378949995360786,0.7521353814646373,0.03921635379749484,0.26655414496764407,0.09396439166357295,0.598695995015646,neutral
2025-12-12 00:00:31.600,0.24074018042097658,-0.20303488662249752,-0.06289536903412835,-0.7038571431312303,0.7602507348366541,-0.15897710184896816,0.4078408425290341,neutral
2025-12-12 00:00:31.700,-1.6570582213324236,1.9095613983126092,0.6053620589619899,0.7362192763941818,0.464408707196178,-0.22325403816842124,1.1458198774955473,neutral
2025-12-12 00:00:31.800,-0.5370523365438014,-0.5159913732054566,1.490216546380265,-1.2034609688629063,0.41352656221051204,-1.299105408417884,0.4520320760854031,neutral
2025-12-12 00:00:31.900,0.26932042624375757,1.4146387567471308,0.04224436917217794,0.3835485470857698,1.1955558290744852,-0.3780556819853545,-0.2498231907145278,neutral
2025-12-12 00:00:32.000,-0.057045368743412685,-0.7011752007554058,1.3806331607753977,0.7390221613602524,-1.1666493134855271,-0.8146009094768557,1.1127727918242594,neutral
2025-12-12 00:00:32.100,0.10403091814346574,-0.33220921604225845,-0.031188659393187407,0.04263047035016722,-0.6151467267126703,0.7196251674639842,-0.8774706235152224,neutral
2025-12-12 00:00:32.200,-0.1037134623828978,0.22070174051680624,0.35715148690759435,0.3271476353833506,-0.2957039353729498,-0.5328156944867672,-0.7463052739303263,neutral
2025-12-12 00:00:32.300,0.5355155742404705,-0.2741692167675356,-0.4289794857613126,-0.5565013932042054,-0.37036125004536724,-0.14127355611707232,-0.6482249525986334,neutral
2025-12-12 00:00:32.400,0.10579177006452203,0.2732390308836729,0.41959345576567725,-0.51910586993819,0.8679802230718087,0.35425180353413266,-0.7813672677056993,neutral
2025-12-12 00:00:32.500,2.6141246171796415,0.34675105732282846,0.6899415223813485,-1.4338581345666876,1.2197577730578362,0.3701436075160854,-1.756849993268278,neutral
2025-12-12 00:00:32.600,0.7194527549987321,0.1508121274656229,-0.4098978796508026,-0.9945508213530108,1.2514141160252454,1.5790425098291456,0.6183406173553163,neutral
2025-12-12 00:00:32.700,-1.1728619735431731,-0.4531310649746764,-0.31167813692246155,-0.46893670521232184,1.489778369560035,0.7581489447483539,-0.05040817994440626,neutral
2025-12-12 00:00:32.800,1.1775140271982363,-1.2457957157974746,1.407584322064572,0.2277135088354181,1.3272291089898982,1.6848058377343516,-0.2801652678308716,neutral
2025-12-12 00:00:32.900,-0.05076935107955767,0.014695050552631667,1.5131128309869442,-0.4193901777243527,1.3136011194470631,-1.7862577992729798,0.22108432068800785,neutral
2025-12-12 00:00:33.000,0.722952421351344,1.7021805898236935,-0.38614588101503056,1.0582242830198894,0.1850485968000887,0.6771831744264577,-0.19692131968632437,neutral
2025-12-12 00:00:33.100,-0.5961389388150382,0.060927398002112776,-1.1798519789881812,0.3267262057235642,-0.289919209686458,0.13181244019765018,0.7463717318892226,neutral
2025-12-12 00:00:33.200,-0.9272234491686152,0.6084575566384333,0.16692900938023295,-0.29335249839986094,0.5484019798618998,0.21254647325303205,-0.6675089218046866,neutral
2025-12-12 00:00:33.300,-0.9990197432853484,0.21030086709907886,1.283615823343196,0.11257114320631369,0.3983253506013201,1.5054633456931863,-0.8041885662806653,neutral
2025-12-12 00:00:33.400,-1.8194897210765402,-1.7705794918811175,-1.822298517029038,-0.35104971434843024,0.8965808438696797,2.293549536247048,-0.2636804474198742,neutral
2025-12-12 00:00:33.500,0.6707543248457607,-1.8543470965145137,2.266689607030684,0.7101228711213434,-0.5469952244940959,-0.9947814860732931,-1.3459543567285779,neutral
2025-12-12 00:00:33.600,0.7249680328462418,-0.05090387239808304,-1.8370529465855991,0.8019511779515823,-0.1183287077325331,2.080192049206927,1.3809707878527464,neutral
2025-12-12 00:00:33.700,0.4930224273564487,-1.1102143955166752,-0.3306606311529281,-0.8915069869788417,-0.34885353009008907,1.3423571724083534,0.07266526041160948,neutral
2025-12-12 00:00:33.800,0.06163147304701477,-0.5739616748095866,-0.7725712566183388,0.15019883085845406,0.6296061316455862,0.40628870197300854,0.6277012777916178,neutral
2025-12-12 00:00:33.900,-2.0845446479328373,-0.9500417075583588,0.37074386704947554,0.04166413860847698,-1.606913463321029,0.9684653108757845,1.2506139534983982,neutral
2025-12-12 00:00:34.000,0.08073606089097189,-0.9123138340827754,0.22056696764969533,-2.03197379327111,0.0902870964201905,-0.14344486510202345,-0.13469301200165382,neutral
2025-12-12 00:00:34.100,1.4707873565153946,1.0561072850631337,1.006379723781325,1.3240653739295616,-0.4070168168583384,0.39020502215608877,-0.4629227229081801,neutral
2025-12-12 00:00:34.200,1.5961175643140837,2.798034972166875,0.6308651346502856,-0.18832505039679703,-0.8526479428297195,1.3308625126600295,0.724293530557345,neutral
2025-12-12 00:00:34.300,-0.6028734921466959,-0.8181054837016308,2.7408421392877513,0.3820520681019755,-0.3735395975699217,0.706242364046986,0.8854393105885323,neutral
2025-12-12 00:00:34.400,0.15667859532011671,0.848170175454745,0.18110215448654085,-0.20198470799982546,1.4810946490168229,1.2002869942619772,-1.2593374980453964,neutral
2025-12-12 00:00:34.500,-0.17894839027397091,-0.5838219997315685,-0.1347304278547728,1.177304080886664,-0.8560625943726035,-1.9755637306608163,1.1809060912641616,neutral
2025-12-12 00:00:34.600,0.4401633102652516,-1.0103416233183085,0.9462644537631374,-0.7606322824822525,0.6557136891174172,0.16064925596903823,-1.0647313554289959,neutral
2025-12-12 00:00:34.700,-0.39315147429406716,0.4781780702161331,-0.7909665926018722,0.9722091059279502,-0.7154032654489091,-1.3651939455270152,0.45675614848499,neutral
2025-12-12 00:00:34.800,-1.1830289756490573,0.7644188545469227,0.7697895464548425,0.9245254166831771,0.10431740816574449,0.08975004722410201,0.2123379363327843,neutral
2025-12-12 00:00:34.900,2.633634084472949,1.3392442539805336,-0.7338085600327467,-1.1148689401418013,0.6390688779957034,-0.42563414848207765,-0.22304689605155864,neutral
2025-12-12 00:00:35.000,-1.0211049528619853,0.22337720028631922,-0.02528413402547533,0.3069491867154102,0.29719200484804154,0.8691193648495072,0.3479262735145713,neutral
2025-12-12 00:00:35.100,1.1833975233332037,1.8260539513257157,-0.793838583935803,0.8463158037238423,-1.8390762675562489,-0.7890599856214501,-0.20195966871436702,neutral
2025-12-12 00:00:35.200,-1.190586053756041,-0.5878073179444443,-0.31695154997678826,-0.12218938576664218,2.0908466283403455,-0.19689112266764577,-0.23863224021104046,neutral
2025-12-12 00:00:35.300,1.2211635346142828,-0.9768620985283372,-0.3561733795554213,-0.03884730419231945,0.27712591280541277,2.237829759540164,-2.8098635560798995,neutral
2025-12-12 00:00:35.400,1.3074020362401326,-0.8050395093906639,-0.08821194685997141,-0.16976623572432548,-0.11867893752914957,-0.4646075676914952,0.5891788441075435,neutral
2025-12-12 00:00:35.500,0.05633285205947614,-1.2252323815899573,-1.2605565649152353,-1.1484586440956133,0.05077872462268501,-0.6196326368111632,-2.139751629196926,neutral
2025-12-12 00:00:35.600,0.8066147418698364,-0.7930598845665683,-0.588307934704108,0.7438596627252512,-1.7525178843387779,0.5895306109181434,0.7452188011436514,neutral
2025-12-12 00:00:35.700,-0.8220931272392276,-0.36978123153886405,-0.8115459357544879,0.9046261382687515,0.16288871397987445,0.25599196346412667,0.6137386411992407,neutral
2025-12-12 00:00:35.800,-0.3642815162203155,2.164951622417073,0.6408687420178598,-0.5803757603432178,0.6716748929757584,1.7759402654923366,-0.8184026600507063,neutral
2025-12-12 00:00:35.900,0.07758655117190848,0.858122126614243,-0.6120410561300407,0.9025398209952438,-0.0351478345919543,-1.0278663830513672,1.2233377115978508,neutral
2025-12-12 00:00:36.000,-0.875264007369395,0.5813524162411732,-0.3272404751686092,-0.5957870493472548,-0.1905075843640412,0.1830530396164529,-0.08385062473848776,neutral
2025-12-12 00:00:36.100,0.9973107903260457,1.805685824455049,0.5716542628907134,-0.006739610559220163,-0.7178900589975009,0.1895549872635948,1.6426091233619193,neutral
2025-12-12 00:00:36.200,0.34806071202343714,-0.3989047266993635,1.1958772157261748,-0.5623893467559181,-1.4562713806810035,2.571230206308943,-0.37876042969971085,neutral
2025-12-12 00:00:36.300,-2.3285009354149087,1.8179220556054674,-0.16815771113691264,-0.264366740728953,0.29827456694614896,2.0746042527957527,0.8508975106841384,neutral
2025-12-12 00:00:36.400,-0.700476826966821,-1.1147843534720308,0.48851731444556135,0.5006639286679666,-0.6077899320072463,-0.8913724497230389,-0.16401469832628218,neutral
2025-12-12 00:00:36.500,2.2640955880689644,-0.6704917124030659,1.4819165184895955,0.05943509951541101,-1.1694750750211882,-0.4492381073504699,0.08625191680234366,neutral
2025-12-12 00:00:36.600,0.5457700251045888,1.196843813774544,-0.15776071548244727,0.20306198711722345,0.912642553131729,0.7637575707801804,-0.4850089845287283,neutral
2025-12-12 00:00:36.700,2.4350022006722356,0.8441864168780937,-0.07492886868642872,-0.1376278550466919,1.3843808423888968,-1.382789601539908,0.21887936437540087,neutral
2025-12-12 00:00:36.800,0.6683173497140201,-0.7672241486897488,-0.8073152171213791,-0.08795936380222817,-0.45113991865437336,0.45954599528070167,-0.39022155771224176,neutral
2025-12-12 00:00:36.900,-1.349397539781771,-1.706329792739694,0.09498386907270687,1.5533876155498227,-0.5543873919786058,-0.9137907314526502,-0.3467722676807471,neutral
2025-12-12 00:00:37.000,0.728869110096938,0.06836486325710282,-1.1067801597550877,-0.17223847468769315,-0.21920310961128492,0.0151894847473839,0.9249073449331517,neutral
2025-12-12 00:00:37.100,0.11957773865633879,-0.12886412655301716,-0.4484979948764037,0.1828054763340328,-1.095838034949076,0.15890530551146267,-0.8593972590879091,neutral
2025-12-12 00:00:37.200,0.575603243012261,-0.3536151312087244,0.657489652884906,-1.0398250369761128,0.6527376697198226,0.4142593225523744,-0.05538876817809298,neutral
2025-12-12 00:00:37.300,1.2033094530643322,-0.1197850176878806,-2.159233516518206,-0.4918885748793573,0.22585640897506654,0.9550721937850374,0.0860656698427503,neutral
2025-12-12 00:00:37.400,-0.15880332226479454,-0.07621085763949427,-0.8561051474912601,0.8975572630860363,0.0905988468530751,1.486944320399599,-0.004593289237773084,neutral
2025-12-12 00:00:37.500,1.0737234109981275,-1.1139422112279678,1.0823084039372888,-0.7284065862687011,-1.3325173158610413,-0.19977636567329432,0.9135695048142766,neutral
2025-12-12 00:00:37.600,1.288623000381785,-0.5138249841344611,0.5779433193256208,2.0190075975009334,0.00190418380716918,-0.3724977070606197,1.1242523765698502,neutral
2025-12-12 00:00:37.700,-0.6782306354227489,-0.4120281133422414,0.3243669371201071,-0.7539139537961693,1.2260713805469883,0.7198975229942354,1.399138526826449,neutral
2025-12-12 00:00:37.800,-1.1019575432759565,-0.6198917588880954,0.03525120991661,0.6133487139111818,1.0633146756044063,0.6480656357194672,-0.7389196365402744,neutral
2025-12-12 00:00:37.900,-0.0014670281743250453,-1.173293528189177,1.115868579289848,-0.8920084079470025,-0.24209743989074295,-0.46730928403797767,1.4900503848488869,neutral
2025-12-12 00:00:38.000,0.5820341622016166,0.04555061595258699,0.14030652182494982,1.6868299685906245,-0.9346608028294018,-3.129026265369269,2.1698169054490055,neutral
2025-12-12 00:00:38.100,-0.37675985896265135,0.10294432745765392,2.50915901014366,-1.3960480155687798,0.577856805250982,-1.0377324111570114,-1.0641177805035023,neutral
2025-12-12 00:00:38.200,0.19618351971721892,-1.1395040059136075,-1.350070491682973,0.11967986925283383,0.5684820507124646,-1.175441608104465,1.2075212420057317,neutral
2025-12-12 00:00:38.300,1.2322650909239254,-1.0690247592253526,-0.27083053161591447,2.646533558151788,-2.425117191524767,-0.46246515300710095,-0.5308656074419873,neutral
2025-12-12 00:00:38.400,0.31899961418605716,-0.7991079591082351,-1.1129120539004966,0.10139765103602,1.542324621346842,-1.5794718767665286,-0.974430463712351,neutral
2025-12-12 00:00:38.500,-1.3237198286677323,-4.154894517852205,-0.8375723453202831,0.0008401574083204689,-0.18076666587962975,-0.8036019745453195,-1.0782098555889719,neutral
2025-12-12 00:00:38.600,0.9554480244946841,-1.2879331417421984,1.0713818068417598,-0.6048301676577972,-0.06415395534124942,-1.671404647525226,0.012810748205939268,neutral
2025-12-12 00:00:38.700,-0.44484362454680765,0.9593186699339331,-0.6839071906744216,0.09937040041407373,1.3500484951160798,-0.3053356672054408,-0.6922783440914756,neutral
2025-12-12 00:00:38.800,-0.6746956137198897,0.3170581434424658,1.0320804225373212,0.9291622832039643,-1.6818205874486514,0.6072010117252914,-0.6997584153393834,neutral
2025-12-12 00:00:38.900,-0.16425083910859947,0.45481101438987864,-0.6483063264582488,0.3728968284285924,-0.05495288084127842,0.3609400725771711,0.520701229551473,neutral
2025-12-12 00:00:39.000,0.4105898960871792,-0.7167790248719512,-0.40568101555513664,-0.0470426834015741,1.823963922231741,0.6406774532492244,-1.2436844437253447,neutral
2025-12-12 00:00:39.100,0.10443383004783104,-1.7973123515227938,0.6191929801851297,0.27385715379895254,0.2013820623620059,0.23998696593271876,-0.04315713179699909,neutral
2025-12-12 00:00:39.200,-1.1362247706561912,0.3282448240010252,-0.6248498549820763,1.100519318244563,-0.7536074527138379,-0.0030792766025759676,-0.42558023479948415,neutral
2025-12-12 00:00:39.300,-1.1477290970066951,-0.3755184963265458,0.45200543194082937,-1.8939860936077073,0.47762989746161316,1.121214925985929,1.2970548801553532,neutral
2025-12-12 00:00:39.400,-0.5681593128333601,-0.6038836525787589,0.197102865375685,-0.07489257591180527,-1.109298135063618,-0.04644245487736802,0.9564317495711744,neutral
2025-12-12 00:00:39.500,2.187766684543642,-0.9816758442043657,1.9657355792510989,1.0919897530867746,1.3606226188436747,0.8028939704246625,-1.0466614267110654,neutral
2025-12-12 00:00:39.600,0.3093427146294199,0.08173782648003965,-0.8766896274323644,-1.9592430557983478,2.100733558415623,-0.05650130761444124,0.9904453987402807,neutral
2025-12-12 00:00:39.700,-2.327914655703591,0.22386879474697866,-1.1695970937389528,-1.0399774557079755,-0.34492692390888846,1.739430128117591,-0.7517335754975664,neutral
2025-12-12 00:00:39.800,-0.6321759607605546,1.054126934921172,-0.351353178929481,-0.7039103917485734,0.25048727431293333,-1.305703781194257,-0.6390193449153317,neutral
2025-12-12 00:00:39.900,-0.01715476723056314,-0.7001483051132342,0.4559925830032478,-1.046017298388625,1.7334420964644002,-0.6137321064678055,-0.3837086453655555,neutral
2025-12-12 00:00:40.000,0.22831666468379522,0.5300539062113304,0.3370776769937259,-0.6908276913326451,-0.34168529000129144,-0.3763740326788537,1.5215538660825136,parked
2025-12-12 00:00:40.100,0.7605005759376536,-0.09549510070797501,-1.0557391911471292,-0.4201595595192609,0.9509554399291142,-0.683690122813354,1.5476551077803686,parked
2025-12-12 00:00:40.200,-0.15480292043264285,1.4713629802221575,-0.0677230157573931,0.9481764564446455,0.6052767534951625,-1.2542509883195065,-0.4394411076837049,parked
2025-12-12 00:00:40.300,0.25685626626039754,0.2788126563733087,1.2300637642637282,-0.7198754205939579,0.7099590882841159,0.44405213876745814,-0.42832956713374015,parked
2025-12-12 00:00:40.400,-0.7449793625036413,-0.005658557602189934,0.22655866968657107,1.0885610774895174,0.056764846545647785,0.5169069196152722,-1.070328379698346,parked
2025-12-12 00:00:40.500,0.4439339695872424,0.8456835566159177,2.5848199801320804,-1.2245519399935119,0.4848509443095156,0.7365601743134977,0.5573648488477825,parked
2025-12-12 00:00:40.600,-0.35166953301151327,-0.07943770926403664,-0.6192534009691258,-1.4350398416216403,0.6624924197097657,-0.5148586465576074,1.6900765328106253,parked
2025-12-12 00:00:40.700,0.13485638953281331,0.6611753051150493,0.005122182562059493,0.0014868858853519823,1.260235293767465,0.18430408094003783,0.37316984824331445,parked
2025-12-12 00:00:40.800,1.448489260317709,1.068346215903269,0.6895224813839087,0.48066287494522336,1.1449045997838396,-0.40787728598044976,-0.6350713465153572,parked
2025-12-12 00:00:40.900,-1.4919114983380017,-1.5065958690294914,-0.8266928606686876,-0.6834490765728023,0.7668076445491744,0.07137686714909844,-0.3827690506488764,parked
2025-12-12 00:00:41.000,-0.3896753828513723,1.3137806679367032,-2.2398508997443534,-0.30747829048627084,2.3146973454989648,-0.8751821745144238,1.1366609013513047,parked
2025-12-12 00:00:41.100,2.2305399394440535,-0.02154077991642438,-1.4238158158099483,-0.4288754630182896,-0.8060605310536114,0.6339711018319037,-0.49208276979093685,parked
2025-12-12 00:00:41.200,-0.14413534690996785,0.943153618981232,1.5273648922891259,0.11798852640719684,0.7212394506795927,-1.5779371033627374,0.7521787725218548,parked
2025-12-12 00:00:41.300,-0.3408508018971266,-0.10627085621486265,-0.8623814032075635,0.21895937364061102,1.830184243774749,-2.2418558505732706,-0.2378170182586305,parked
2025-12-12 00:00:41.400,-0.2525848116633295,-0.2920360569491375,0.16248042486650713,1.0801264564808142,-0.30661381238407504,1.1272633177764606,0.5847574006837961,parked
2025-12-12 00:00:41.500,0.10781022785892175,-0.027458789156937922,-1.2018714173069867,-1.3062321843336104,0.5064507113933554,0.1560305951558364,-0.7236009239800746,parked
2025-12-12 00:00:41.600,-0.8758525667800265,1.3932058093643944,-0.06845977363650546,-0.43431873454561604,0.8633576001202946,0.7672050301508153,0.6812246894185354,parked
2025-12-12 00:00:41.700,-2.4715606828655754,-0.20915576490740462,1.172534920841609,1.912220453288799,-1.5205041736504281,0.8467631891230321,-0.2268899226790993,parked
2025-12-12 00:00:41.800,-1.0480791882281921,0.7148822725232241,-0.5096096889110651,-0.5250358013216438,-0.10537259032294552,1.0676067391389346,-0.4247586851197762,parked
2025-12-12 00:00:41.900,1.246692933909598,-1.5984277469959127,0.5591160735878768,-0.44877586314669854,-0.5772588793030949,-0.7377706036698435,0.746069654140138,parked
2025-12-12 00:00:42.000,1.3792128560382058,-0.5231504942476148,0.4629667358792523,-0.15193864969467824,1.5332983962756979,0.4418769609496592,0.2652946479052517,parked
2025-12-12 00:00:42.100,-0.4209541358591074,0.41442032076049173,-0.10862176415547076,-0.8783190665695809,1.9139423785535052,-1.065024579558114,-0.09228129145042904,parked
2025-12-12 00:00:42.200,-0.8299955666230731,-1.3205654185583993,0.9594230067812737,0.7571821172106146,0.37548993215242876,-1.2141817749379729,-1.953836366453506,parked
2025-12-12 00:00:42.300,-1.5553676308324789,-0.7230027462089942,0.2246518125597559,-0.3712070621968469,0.306784965566342,-1.5623023977518475,-1.6512304308496286,parked
2025-12-12 00:00:42.400,1.2619204063946723,-0.4959736270622154,-0.8490624878717897,-1.0888448944535716,-1.0368876942959862,-0.5291071467981684,2.7319590559038915,parked
2025-12-12 00:00:42.500,0.6357845338640964,0.7835824617266041,-1.271158528042094,-0.43439067286225863,1.000977579603464,0.42039170290697103,-0.23868783358084059,parked
2025-12-12 00:00:42.600,0.03193568391158732,0.3118665201659271,0.5526942894341891,0.3376433047351087,1.714422240254092,-1.083597134358188,-0.5352638807866414,parked
2025-12-12 00:00:42.700,-0.684226508299536,0.2222388826725651,0.8553963247299207,-0.12388323578292332,-0.27449614257165966,-1.2761873486677384,-0.8562140691402664,parked
2025-12-12 00:00:42.800,0.5233729481536321,-0.36392685656544593,-0.004536930963122129,-0.2758323333340354,-0.5094131301516752,0.8807823489975473,-1.1472945519943354,parked
2025-12-12 00:00:42.900,-1.3425771430791384,0.3356290691028454,1.0604822151574247,-0.017728082977513236,-1.9986316830716573,0.9979932415369288,0.6577175361121699,parked
2025-12-12 00:00:43.000,-0.23204625321411074,0.13471348523603122,-1.4571729527813555,1.8853848949375691,-0.9662718679117561,0.8115883356813041,-1.1456964146136985,parked
2025-12-12 00:00:43.100,0.4824961665104469,1.6853156784553363,-0.4573007699426281,0.4453290560423698,-1.0560909996534678,0.5331617041362094,-0.6201828004447304,parked
2025-12-12 00:00:43.200,0.46950860237900516,0.18844450729677997,-0.19933375287277705,1.0682211309512064,-2.544357840997563,-0.6001186827930335,-0.5371468200023704,parked
2025-12-12 00:00:43.300,3.0573965684497386,-0.2494303892468029,-1.1565048943904317,-0.8248401884514158,1.5569313153406836,0.23159634592572195,0.3620945009360159,parked
2025-12-12 00:00:43.400,-0.853561876020066,-0.07399515499611711,-0.6720797943917276,0.13832047290271499,1.270031133978518,0.22417260240422773,0.6927007905947703,parked
2025-12-12 00:00:43.500,-2.1730488804201165,-0.14963809481457827,-0.9390223381835912,0.03792545112097864,0.8101833230687211,0.8942587759118606,2.2892865373098368,parked
2025-12-12 00:00:43.600,0.3475715221034762,-0.5023436226286984,-1.5164425623302273,0.47092885519986355,2.0299619077777638,-0.924305008403569,-1.245260315185759,parked
2025-12-12 00:00:43.700,-1.0404973060699398,0.4706134268644901,0.6077521011065103,1.4151875010346286,-0.1570668796941009,-0.4490229385833678,-0.6954471183345022,parked
2025-12-12 00:00:43.800,2.3964558749991585,-2.317521244823592,-0.4149331792644115,0.358792082833436,2.587146862454669,0.21027033956631916,-0.4233414736055014,parked
2025-12-12 00:00:43.900,-0.25010699249013907,-0.12688666388645378,1.1168542360314138,-1.5114027618293642,1.2599807519863342,-1.2347309495923622,1.0724036182845846,parked
2025-12-12 00:00:44.000,-0.15279135450666473,0.12011578816005516,-0.09782311917173196,0.054971812564527614,0.48620979552765603,-0.05956141892227614,-0.24240292888955928,parked
2025-12-12 00:00:44.100,-0.5345319109970739,-0.5031206720849234,1.0910836841446054,0.3520738069370788,-1.7650288845829596,0.2706593232219104,0.12451921366090865,parked
2025-12-12 00:00:44.200,1.4238266538476805,0.902579656391363,0.44720616943996955,-1.595287615887723,1.3541801127239297,1.0529761744057324,0.5665603803468758,parked
2025-12-12 00:00:44.300,0.09661939020640184,-0.6464287381208276,-1.9055799221490124,-0.17479149429758487,-0.3706469393736279,0.09380677470041518,0.9447761020936323,parked
2025-12-12 00:00:44.400,-0.3493336778517396,-0.39607497272868447,0.4134322289811359,1.9137534015851594,0.5807877739241366,-0.14471217947710258,-0.4016480693333015,parked
2025-12-12 00:00:44.500,-1.6013957476470024,0.02216626796425117,0.21064121315449938,-0.13562938000653701,1.0886948596020585,0.3163221029215471,1.4774429721435902,parked
2025-12-12 00:00:44.600,-1.070666683108064,-1.6780438457122482,-0.8958439764982229,-0.693465858177948,0.417571270760186,-0.9119943673027415,-1.0798015737182722,parked
2025-12-12 00:00:44.700,0.16699556919107053,1.2040676931538508,-0.018699244629485214,0.6040989906929071,-0.32816961879749107,0.8292768869836977,0.6549049396592896,parked
2025-12-12 00:00:44.800,-0.4065595899244552,1.2246143415516413,-0.8611156428389789,-0.10826802177605595,-1.70008276542472,1.4554652561269006,-1.9838611549679777,parked
2025-12-12 00:00:44.900,-0.0031998872449637387,-1.7138083543711962,2.9897363292059773,-1.1222739769201648,2.2683205158565634,0.8730181240345556,-0.7012982819769239,parked
2025-12-12 00:00:45.000,-0.3992303747257062,1.0119006361127738,0.10613675914284884,0.3779937832904049,0.9228289695186996,-0.9508910750460934,-1.7389736426760576,parked
2025-12-12 00:00:45.100,0.03453415461706638,1.3164393026374632,0.4264096807941744,-0.9653381727490092,1.4949500830349687,0.15697906241614015,3.1693052101831913,parked
2025-12-12 00:00:45.200,0.21811584644292314,1.7490529710074634,-0.1394034843676192,0.9181793140053975,1.6381031855963064,0.24611151977880796,-0.12188701738037487,parked
2025-12-12 00:00:45.300,1.0123337051492751,1.0913493949873665,0.7763809634033255,2.80206358291888,1.2046662304420812,0.2804474909429633,0.818708551688577,parked
2025-12-12 00:00:45.400,-0.7582738966187509,-1.3825741063228967,-0.7848984176460699,0.825741265855166,1.5048612371534107,0.6113236948380828,0.9563367350148444,parked
2025-12-12 00:00:45.500,0.5349019891613859,-0.49802099319085796,1.3812348101933818,0.7259923371512511,-0.7347182554845676,2.038586616488885,1.306243217548584,parked
2025-12-12 00:00:45.600,0.2672849974969388,-0.37170979137802024,1.6726978688566358,1.075312520555441,1.1886576352303335,1.4157422945424298,0.7107551887188239,parked
2025-12-12 00:00:45.700,-2.1166445023164084,1.1699823109387915,-0.38903832218122913,2.242733119680943,-0.7921216202408866,0.08607622025988086,1.7731598376265538,parked
2025-12-12 00:00:45.800,-0.1891031193656383,0.42664664989807655,-0.38300204725664666,-1.628759941815286,0.2164290284882902,0.22691452791162448,0.7619055878468205,parked
2025-12-12 00:00:45.900,0.6185488432312793,-0.03165848616949597,-1.0000078870560047,0.13970921063923955,-0.7188704441375324,-0.47910394225947234,-0.7772117216823369,parked
2025-12-12 00:00:46.000,-1.0554363958946182,0.8913066093442095,-1.290210352125574,0.26787424837088014,0.40640912664789347,-0.33198652491704383,1.2892948158450293,parked
2025-12-12 00:00:46.100,0.9234482096094341,-0.35851971461711285,-0.5348463510558327,1.5814874381653523,-0.13937659181504597,1.1266052417206105,-0.5704507680186375,parked
2025-12-12 00:00:46.200,0.5886639498210738,1.0921996109017844,-0.6138899783824497,0.028201483348990367,0.29923104604254347,-0.1619481960171661,0.72886425411955,parked
2025-12-12 00:00:46.300,-0.7811891344458268,-1.7240741081988253,1.2501759088659066,0.7805135762599865,0.38450624582344173,1.143659838722014,0.8980557708626057,parked
2025-12-12 00:00:46.400,-0.5968830827932657,-0.9753450727099584,-0.7856248887889622,-0.532661465138704,-0.14098784735114128,0.6316984810460102,-0.16584856048825863,parked
2025-12-12 00:00:46.500,-0.8523574700264561,-1.4602467085204165,0.5119695848100769,-0.2562529960622837,-0.9239703181733728,0.11401218498325166,1.1925353757116053,parked
2025-12-12 00:00:46.600,-0.6366707971130703,0.23226440889028171,0.7454189505707199,-1.4210449536756804,-1.8898653011495639,-0.18374778301313396,-0.9774107041409447,parked
2025-12-12 00:00:46.700,0.8034106460429516,0.8387556581027569,-0.660072746662632,0.1862837697425614,-0.7487974201893371,-2.123800502973549,0.6365427649261466,parked
2025-12-12 00:00:46.800,1.636138853440872,-0.06660804012310925,1.7145770125110802,-0.44327484964851654,1.8799802042862188,-0.6895107908716562,-1.1971410375633456,parked
2025-12-12 00:00:46.900,-0.3034842386734858,-0.7658771076525481,-1.800339332703681,-1.0335731367480006,-1.3108949872768894,0.04930112969709891,-1.355201919108908,parked
2025-12-12 00:00:47.000,-0.009949171605608124,0.16962290370910876,-0.24425353422725218,0.13661171589563179,-1.96650337779455,0.061891737183364284,0.2633819406573309,parked
2025-12-12 00:00:47.100,-1.3090655391768098,-0.6037931262968355,0.2531048037957089,-1.037120792186788,0.42222112050338484,0.0793338358874282,-1.4126361306263173,parked
2025-12-12 00:00:47.200,0.8606498540269023,-0.5956186671986913,1.4244521815296691,0.5133215375340731,-1.5427365170013128,0.8184232979128133,-0.13702522491815167,parked
2025-12-12 00:00:47.300,1.918601504469958,-0.6142770318063506,1.1776803340718882,0.4440094298915991,-0.6114348984614367,0.2201720150314889,-0.7453373896242264,parked
2025-12-12 00:00:47.400,0.8006597305302194,-1.4753456649579066,-0.2988390993634846,0.4453698723732594,0.6659274934573426,0.02118975639028559,1.4045414224773833,parked
2025-12-12 00:00:47.500,0.0952582341091569,0.30153069525660836,-1.1347396102702119,-0.6023497838909712,0.6932637428639417,1.7507276317640346,0.684268172705952,parked
2025-12-12 00:00:47.600,0.6347465217792713,0.022902538205024792,0.34230065576215785,-0.37398258230384607,0.6998671741185571,-1.643785621762866,-0.06736898968345406,parked
2025-12-12 00:00:47.700,-1.516338022205421,1.518757163426347,-0.19316254399530586,0.8670656062763595,-1.9212925471580462,0.035564627280379534,-1.7702542225690217,parked
2025-12-12 00:00:47.800,0.4025148039320087,-0.14370323010477185,-1.0182754670735643,-1.2989409429825847,-0.22166170518766823,-0.6597978602512571,-0.08371522045825941,parked
2025-12-12 00:00:47.900,-1.6733539805541668,-0.47472477160376164,-0.2693119097456245,1.0467130515359537,0.09930588857287738,-0.7216321490042162,0.4638430628140679,parked
2025-12-12 00:00:48.000,1.1224918852743917,-1.3645657356243472,0.22266567457445471,0.051222259005461734,-1.5985749723458431,-0.9040434715350325,-1.889071844638913,parked
2025-12-12 00:00:48.100,-1.176866465209453,0.924062933869889,0.7259284851224049,2.2154358092810806,-1.718577152557937,0.1832769661387351,0.14181438501726182,parked
2025-12-12 00:00:48.200,1.0156050454656413,-1.9577133239063411,0.1791404831542892,0.574405007302657,0.7842286527225222,-0.14130298615589837,0.477776490476626,parked
2025-12-12 00:00:48.300,-2.4770608629604123,0.26880975512397426,-0.8897569346078981,-1.2697260536153883,0.2517445043077902,-0.8656973419695247,-0.17496423794592475,parked
2025-12-12 00:00:48.400,0.4303948689398896,-1.810412110593518,1.6831495147452877,0.3636615205685301,-0.9386587119983282,-0.23433418057677557,-0.2930020188558762,parked
2025-12-12 00:00:48.500,0.5690812305762308,-0.030138165766041808,-1.068220991889617,0.6890713308227727,0.3834987009813383,0.5620150106370031,-0.9766347692295632,parked
2025-12-12 00:00:48.600,0.8835888835469897,0.21163867424896912,-0.6633118220413935,1.3570881873418617,0.09407157872120189,-0.6287421048916283,-1.166029108887564,parked
2025-12-12 00:00:48.700,-0.00534207519108096,-0.053664485185967496,-1.1099326416893183,1.8223688483417717,-0.15089638688596038,1.8389247174119008,-1.700489053370978,parked
2025-12-12 00:00:48.800,-0.33351728722504526,0.14762374638651724,-0.12056315847505225,-0.23991443104158036,-2.4881318330481457,-0.7791885098104264,-0.6383314054842144,parked
2025-12-12 00:00:48.900,-0.4311822638471368,-1.0332351872651582,-0.3626326249407097,0.2175684447389188,1.2948724425228526,0.10871991703727336,-0.4861214741554938,parked
2025-12-12 00:00:49.000,0.47326553115343156,0.6299071485192225,1.1731879012275326,0.883653935388863,1.2059219956772196,0.6594408363940486,-1.8552298076501996,parked
2025-12-12 00:00:49.100,-0.06410815411605153,0.1602333263214599,-1.0340497500103434,0.09776028261328741,1.422344874297828,1.0680688206006799,-0.5396919420054861,parked
2025-12-12 00:00:49.200,-0.677407647313075,3.422918222133478,-1.9902645783952584,-1.0810225623604501,-2.0563277311160633,0.1691380121872611,1.0508095794669485,parked
2025-12-12 00:00:49.300,0.8317270635671122,-1.141190200277598,0.8107879595126932,0.3982691860280299,0.10455655820322174,0.17351864058885935,0.2893255669690797,parked
2025-12-12 00:00:49.400,0.7185670447183538,1.3154167620179422,0.08412855268573861,0.5533787918151882,-0.648007705812935,3.0818311461523598,-1.2550687102093308,parked
2025-12-12 00:00:49.500,-0.3183573585028271,0.2790673623287954,-0.8718588546669093,-0.8400523950912255,1.2290708806678854,-1.4360224616803299,-0.19920397051309813,parked
2025-12-12 00:00:49.600,-0.680573140584214,-0.40813068812070835,-2.11875481297022,1.2862011843368655,0.7089036373755021,-0.3234691618715264,-0.16762994981788465,parked
2025-12-12 00:00:49.700,0.6332835123702021,-0.373936302097236,-0.43819366935939086,0.5770461651140256,-0.6046254486907209,0.5298708295342557,0.19515264970555737,parked
2025-12-12 00:00:49.800,-0.8609441844243404,1.370455516793705,1.329976106709543,0.885924288191876,0.036634409200622865,1.228211367114451,-0.49151862155343884,parked
2025-12-12 00:00:49.900,-0.5471436052216703,-1.6927837442064166,-0.6212960296362128,0.01983613473437311,-0.33707774965883447,-0.37076022347324644,1.626296038377577,parked
